driverName,team,driverGroup,joinTime
ZL,Reserve,East,2022/10/9
zbk,Reserve,East,2022/10/9
littleredhat,Reserve,East,2022/10/9
Seb V5,Reserve,East,2022/10/9
yueye,Reserve,East,2022/10/9
Ryan Chiang,Reserve,East,2022/10/9
Speedkimi,Reserve,East,2022/10/9
Rapture,Reserve,East,2022/10/9
Headbrother,Reserve,East,2022/10/9
Niraschtoe,Reserve,East,2022/10/9
Wu Wenbin,Reserve,East,2022/10/9
Promise,Reserve,East,2022/10/9
WB.ZHAO,Reserve,East,2022/10/9
adj,Reserve,East,2022/10/9
reggiesun,Reserve,East,2022/10/9
KotoriMakiNico,Reserve,East,2022/10/9
KimitheBest,Reserve,East,2022/10/9
bin,Reserve,East,2022/10/9
nakonako misaki,Reserve,East,2022/10/9
JustApoolRacer,Reserve,East,2022/10/9
ok copy,Reserve,West,2022/10/9
CD61,Reserve,West,2022/10/9
GHOST,Reserve,West,2022/10/9
Charles Jiang,Reserve,West,2022/10/9
Even,Reserve,West,2022/10/9
GROSJEAN,Reserve,West,2022/10/9
SHENLAN,Reserve,West,2022/10/9
William_Ronaldo,Reserve,West,2022/10/9
sinmaster,Reserve,West,2022/10/9
Kuang,Reserve,West,2022/10/9
DaLianMao,Reserve,West,2022/10/9
JokerOwen,Reserve,West,2022/10/9
yishui,Reserve,West,2022/10/9
Go7D3n999,Reserve,West,2022/10/9
Iceman777,Reserve,West,2022/10/9
MonsterSpin,Reserve,West,2022/10/9
Bobdingding,Reserve,West,2022/10/9
markisco,Reserve,West,2022/10/9
Alexis,Reserve,West,2022/10/9
VICTOR CK,Reserve,West,2022/10/9
mushimu,Reserve,South,2022/10/9
SHMJimmy,Reserve,South,2022/10/9
LGDNico,Reserve,South,2022/10/9
6__da__6,Reserve,South,2022/10/9
kirito,Reserve,South,2022/10/9
JamesZ,Reserve,South,2022/10/9
Mike.XYL,Reserve,South,2022/10/9
Senna,Reserve,South,2022/10/9
WandereR,Reserve,South,2022/10/9
RainBow,Reserve,South,2022/10/9
LewisRussell,Reserve,South,2022/10/9
262fff,Reserve,South,2022/10/9
WaiKin,Reserve,South,2022/10/9
Suyenuo,Reserve,South,2022/10/9
Hayato,Reserve,South,2022/10/9
Reifang,Reserve,South,2022/10/9
inspeedracing5,Reserve,South,2022/10/9
Andy,Reserve,South,2022/10/9
h0,Reserve,South,2022/10/9
Cream17CC,Reserve,South,2022/10/9
SpeedLynx,Reserve,North,2022/10/9
333,Reserve,North,2022/10/9
zls233,Reserve,North,2022/10/9
lingerr,Reserve,North,2022/10/9
d12mnit,Reserve,North,2022/10/9
Pyplant,Reserve,North,2022/10/9
LiviStar,Reserve,North,2022/10/9
XxXSs5,Reserve,North,2022/10/9
guagua,Reserve,North,2022/10/9
Suntian,Reserve,North,2022/10/9
zhaohz,Reserve,North,2022/10/9
sikzc,Reserve,North,2022/10/9
BG2_,Reserve,North,2022/10/9
i4foru,Reserve,North,2022/10/9
JimmyYANG,Reserve,North,2022/10/9
Geicyyy,Reserve,North,2022/10/9
HoYuCEY,Reserve,North,2022/10/9
lieworigin,Reserve,North,2022/10/9
SpainRaul,Reserve,North,2022/10/9
616947181,Reserve,North,2022/10/9
kimi hxp,Reserve,Middle,2022/10/9
whiteGX5,Reserve,Middle,2022/10/9
Smallperiod,Reserve,Middle,2022/10/9
Gili,Reserve,Middle,2022/10/9
wen,Reserve,Middle,2022/10/9
LiuYao_FLy,Reserve,Middle,2022/10/9
INS.Tmac Ni,Reserve,Middle,2022/10/9
Caulfield,Reserve,Middle,2022/10/9
Raizo,Reserve,Middle,2022/10/9
ronnie_mao,Reserve,Middle,2022/10/9
WANWANJU,Reserve,Middle,2022/10/9
 zxi,Reserve,Middle,2022/10/9
 ZJJ,Reserve,Middle,2022/10/9
Kris,Reserve,Middle,2022/10/9
M4,Reserve,Middle,2022/10/9
DumiBirdF,Reserve,Middle,2022/10/9
Nikin,Reserve,Middle,2022/10/9
Carmelo Xu 32,Reserve,Middle,2022/10/9
Flacko,Reserve,Middle,2022/10/9
